Date,Close
2020-02-18 00:00:00+01:00,497.1007995605469
2020-02-19 00:00:00+01:00,512.1961059570312
2020-02-20 00:00:00+01:00,494.3085632324219
2020-02-21 00:00:00+01:00,490.03289794921875
2020-02-24 00:00:00+01:00,466.9098815917969
2020-02-25 00:00:00+01:00,457.6607666015625
2020-02-26 00:00:00+01:00,462.4598693847656
2020-02-27 00:00:00+01:00,446.4919128417969
2020-02-28 00:00:00+01:00,441.3437805175781
2020-03-02 00:00:00+01:00,440.2967529296875
2020-03-03 00:00:00+01:00,446.753662109375
2020-03-04 00:00:00+01:00,448.1497497558594
2020-03-05 00:00:00+01:00,437.59173583984375
2020-03-06 00:00:00+01:00,421.8855895996094
2020-03-09 00:00:00+01:00,398.8062438964844
2020-03-10 00:00:00+01:00,392.61102294921875
2020-03-11 00:00:00+01:00,382.6200866699219
2020-03-12 00:00:00+01:00,335.50152587890625
2020-03-13 00:00:00+01:00,353.3891906738281
2020-03-16 00:00:00+01:00,329.4808044433594
2020-03-17 00:00:00+01:00,341.21685791015625
2020-03-18 00:00:00+01:00,312.029541015625
2020-03-19 00:00:00+01:00,331.8367614746094
2020-03-20 00:00:00+01:00,366.21588134765625
2020-03-23 00:00:00+01:00,354.2181091308594
2020-03-24 00:00:00+01:00,391.2148742675781
2020-03-25 00:00:00+01:00,411.9383239746094
2020-03-26 00:00:00+01:00,429.60772705078125
2020-03-27 00:00:00+01:00,418.3952941894531
2020-03-30 00:00:00+02:00,420.14044189453125
2020-03-31 00:00:00+02:00,415.25408935546875
2020-04-01 00:00:00+02:00,397.0174255371094
2020-04-02 00:00:00+02:00,397.5408935546875
2020-04-03 00:00:00+02:00,395.01055908203125
2020-04-06 00:00:00+02:00,408.7098388671875
2020-04-07 00:00:00+02:00,416.2138977050781
2020-04-08 00:00:00+02:00,414.774169921875
2020-04-09 00:00:00+02:00,413.3344421386719
2020-04-14 00:00:00+02:00,422.1037292480469
2020-04-15 00:00:00+02:00,414.4687805175781
2020-04-16 00:00:00+02:00,416.4320373535156
2020-04-17 00:00:00+02:00,439.2496032714844
2020-04-20 00:00:00+02:00,444.0487060546875
2020-04-21 00:00:00+02:00,426.6847229003906
2020-04-22 00:00:00+02:00,405.69952392578125
2020-04-23 00:00:00+02:00,398.8062438964844
2020-04-24 00:00:00+02:00,393.83258056640625
2020-04-27 00:00:00+02:00,405.61224365234375
2020-04-28 00:00:00+02:00,407.44464111328125
2020-04-29 00:00:00+02:00,415.73394775390625
2020-04-30 00:00:00+02:00,401.5547790527344
2020-05-04 00:00:00+02:00,393.48358154296875
2020-05-05 00:00:00+02:00,401.34521484375
2020-05-06 00:00:00+02:00,385.0888977050781
2020-05-07 00:00:00+02:00,393.2170104980469
2020-05-08 00:00:00+02:00,397.52545166015625
2020-05-11 00:00:00+02:00,390.19677734375
2020-05-12 00:00:00+02:00,387.2652893066406
2020-05-13 00:00:00+02:00,375.13958740234375
2020-05-14 00:00:00+02:00,368.9658203125
2020-05-15 00:00:00+02:00,365.4125061035156
2020-05-18 00:00:00+02:00,381.8020324707031
2020-05-19 00:00:00+02:00,390.9073791503906
2020-05-20 00:00:00+02:00,387.3540954589844
2020-05-21 00:00:00+02:00,384.8667907714844
2020-05-22 00:00:00+02:00,375.672607421875
2020-05-25 00:00:00+02:00,383.71197509765625
2020-05-26 00:00:00+02:00,398.5025634765625
2020-05-27 00:00:00+02:00,415.38079833984375
2020-05-28 00:00:00+02:00,427.2398681640625
2020-05-29 00:00:00+02:00,417.1573791503906
2020-06-01 00:00:00+02:00,423.197998046875
2020-06-02 00:00:00+02:00,433.2804870605469
2020-06-03 00:00:00+02:00,447.89349365234375
2020-06-04 00:00:00+02:00,450.73602294921875
2020-06-05 00:00:00+02:00,476.2309875488281
2020-06-08 00:00:00+02:00,463.08380126953125
2020-06-09 00:00:00+02:00,466.37060546875
2020-06-10 00:00:00+02:00,463.7056884765625
2020-06-11 00:00:00+02:00,432.6142883300781
2020-06-12 00:00:00+02:00,432.9251708984375
2020-06-15 00:00:00+02:00,426.84014892578125
2020-06-16 00:00:00+02:00,439.8540954589844
2020-06-17 00:00:00+02:00,450.3807373046875
2020-06-18 00:00:00+02:00,453.0457458496094
2020-06-19 00:00:00+02:00,452.9569396972656
2020-06-22 00:00:00+02:00,447.7157897949219
2020-06-23 00:00:00+02:00,446.01275634765625
2020-06-24 00:00:00+02:00,425.3972473144531
2020-06-25 00:00:00+02:00,425.6661376953125
2020-06-26 00:00:00+02:00,427.54840087890625
2020-06-29 00:00:00+02:00,431.3577880859375
2020-06-30 00:00:00+02:00,434.0467834472656
2020-07-01 00:00:00+02:00,431.13372802734375
2020-07-02 00:00:00+02:00,441.35186767578125
2020-07-03 00:00:00+02:00,443.5030517578125
2020-07-06 00:00:00+02:00,448.1191711425781
2020-07-07 00:00:00+02:00,447.08831787109375
2020-07-08 00:00:00+02:00,440.9036560058594
2020-07-09 00:00:00+02:00,446.72979736328125
2020-07-10 00:00:00+02:00,447.9398498535156
2020-07-13 00:00:00+02:00,458.8302307128906
2020-07-14 00:00:00+02:00,453.9900817871094
2020-07-15 00:00:00+02:00,469.4068908691406
2020-07-16 00:00:00+02:00,463.4015808105469
2020-07-17 00:00:00+02:00,461.9674377441406
2020-07-20 00:00:00+02:00,462.325927734375
2020-07-21 00:00:00+02:00,467.43499755859375
2020-07-22 00:00:00+02:00,453.5419616699219
2020-07-23 00:00:00+02:00,451.1218566894531
2020-07-24 00:00:00+02:00,443.68231201171875
2020-07-27 00:00:00+02:00,445.2508850097656
2020-07-28 00:00:00+02:00,433.1056823730469
2020-07-29 00:00:00+02:00,450.3151550292969
2020-07-30 00:00:00+02:00,441.5311279296875
2020-07-31 00:00:00+02:00,431.80596923828125
2020-08-03 00:00:00+02:00,438.9317626953125
2020-08-04 00:00:00+02:00,436.10833740234375
2020-08-05 00:00:00+02:00,440.7692565917969
2020-08-06 00:00:00+02:00,432.97119140625
2020-08-07 00:00:00+02:00,435.0327453613281
2020-08-10 00:00:00+02:00,432.1196594238281
2020-08-11 00:00:00+02:00,443.3686218261719
2020-08-12 00:00:00+02:00,451.4803466796875
2020-08-13 00:00:00+02:00,454.16937255859375
2020-08-14 00:00:00+02:00,445.1164245605469
2020-08-17 00:00:00+02:00,447.4020690917969
2020-08-18 00:00:00+02:00,447.9847106933594
2020-08-19 00:00:00+02:00,447.9847106933594
2020-08-20 00:00:00+02:00,442.9204406738281
2020-08-21 00:00:00+02:00,444.1304626464844
2020-08-24 00:00:00+02:00,453.1833801269531
2020-08-25 00:00:00+02:00,457.21685791015625
2020-08-26 00:00:00+02:00,467.1661376953125
2020-08-27 00:00:00+02:00,467.0764465332031
2020-08-28 00:00:00+02:00,462.7740783691406
2020-08-31 00:00:00+02:00,461.25030517578125
2020-09-01 00:00:00+02:00,470.5721435546875
2020-09-02 00:00:00+02:00,495.6694030761719
2020-09-03 00:00:00+02:00,497.7308654785156
2020-09-04 00:00:00+02:00,497.4619140625
2020-09-07 00:00:00+02:00,502.83990478515625
2020-09-08 00:00:00+02:00,497.4619140625
2020-09-09 00:00:00+02:00,495.31085205078125
2020-09-10 00:00:00+02:00,501.40582275390625
2020-09-11 00:00:00+02:00,511.4446716308594
2020-09-14 00:00:00+02:00,517.1812133789062
2020-09-15 00:00:00+02:00,528.116455078125
2020-09-16 00:00:00+02:00,537.7967529296875
2020-09-17 00:00:00+02:00,534.6595458984375
2020-09-18 00:00:00+02:00,526.7719116210938
2020-09-21 00:00:00+02:00,517.0018920898438
2020-09-22 00:00:00+02:00,509.3831481933594
2020-09-23 00:00:00+02:00,517.80859375
2020-09-24 00:00:00+02:00,510.54833984375
2020-09-25 00:00:00+02:00,507.3215026855469
2020-09-28 00:00:00+02:00,514.8507690429688
2020-09-29 00:00:00+02:00,516.8226318359375
2020-09-30 00:00:00+02:00,508.7557678222656
2020-10-01 00:00:00+02:00,522.2006225585938
2020-10-02 00:00:00+02:00,517.8983154296875
2020-10-05 00:00:00+02:00,522.828125
2020-10-06 00:00:00+02:00,521.1251220703125
2020-10-07 00:00:00+02:00,522.5591430664062
2020-10-08 00:00:00+02:00,516.7330322265625
2020-10-09 00:00:00+02:00,521.4834594726562
2020-10-12 00:00:00+02:00,528.2957153320312
2020-10-13 00:00:00+02:00,528.116455078125
2020-10-14 00:00:00+02:00,519.8702392578125
2020-10-15 00:00:00+02:00,507.94903564453125
2020-10-16 00:00:00+02:00,528.2957153320312
2020-10-19 00:00:00+02:00,525.2481079101562
2020-10-20 00:00:00+02:00,527.9370727539062
2020-10-21 00:00:00+02:00,517.9879760742188
2020-10-22 00:00:00+02:00,514.5819091796875
2020-10-23 00:00:00+02:00,498.35833740234375
2020-10-26 00:00:00+01:00,492.4425964355469
2020-10-27 00:00:00+01:00,489.0364685058594
2020-10-28 00:00:00+01:00,467.52459716796875
2020-10-29 00:00:00+01:00,466.269775390625
2020-10-30 00:00:00+01:00,464.7460021972656
2020-11-02 00:00:00+01:00,472.3648681640625
2020-11-03 00:00:00+01:00,486.9750061035156
2020-11-04 00:00:00+01:00,495.8486022949219
2020-11-05 00:00:00+01:00,506.5148620605469
2020-11-06 00:00:00+01:00,508.6661682128906
2020-11-09 00:00:00+01:00,539.3204956054688
2020-11-10 00:00:00+01:00,547.6563720703125
2020-11-11 00:00:00+01:00,558.7708129882812
2020-11-12 00:00:00+01:00,545.5947875976562
2020-11-13 00:00:00+01:00,545.8637084960938
2020-11-16 00:00:00+01:00,554.9166259765625
2020-11-17 00:00:00+01:00,555.8129272460938
2020-11-18 00:00:00+01:00,558.8604125976562
2020-11-19 00:00:00+01:00,548.5526733398438
2020-11-20 00:00:00+01:00,550.076416015625
2020-11-23 00:00:00+01:00,546.7599487304688
2020-11-24 00:00:00+01:00,541.7406616210938
2020-11-25 00:00:00+01:00,541.3820190429688
2020-11-26 00:00:00+01:00,540.2168579101562
2020-11-27 00:00:00+01:00,543.3540649414062
2020-11-30 00:00:00+01:00,542.2784423828125
2020-12-01 00:00:00+01:00,544.877685546875
2020-12-02 00:00:00+01:00,542.3680419921875
2020-12-03 00:00:00+01:00,542.2784423828125
2020-12-04 00:00:00+01:00,539.4998168945312
2020-12-07 00:00:00+01:00,528.2957153320312
2020-12-08 00:00:00+01:00,524.2622680664062
2020-12-09 00:00:00+01:00,514.7611694335938
2020-12-10 00:00:00+01:00,513.86474609375
2020-12-11 00:00:00+01:00,514.0441284179688
2020-12-14 00:00:00+01:00,505.61859130859375
2020-12-15 00:00:00+01:00,510.6380615234375
2020-12-16 00:00:00+01:00,498.6272277832031
2020-12-17 00:00:00+01:00,512.7891235351562
2020-12-18 00:00:00+01:00,500.1509704589844
2020-12-21 00:00:00+01:00,489.1260986328125
2020-12-22 00:00:00+01:00,499.1651306152344
2020-12-23 00:00:00+01:00,496.6551513671875
2020-12-24 00:00:00+01:00,495.4004821777344
2020-12-28 00:00:00+01:00,512.1616821289062
2020-12-29 00:00:00+01:00,517.6293334960938
2020-12-30 00:00:00+01:00,527.040771484375
2020-12-31 00:00:00+01:00,532.7772827148438
2021-01-04 00:00:00+01:00,520.4976196289062
2021-01-05 00:00:00+01:00,512.2513427734375
2021-01-06 00:00:00+01:00,515.5677490234375
2021-01-07 00:00:00+01:00,517.5397338867188
2021-01-08 00:00:00+01:00,525.51708984375
2021-01-11 00:00:00+01:00,522.6488037109375
2021-01-12 00:00:00+01:00,515.836669921875
2021-01-13 00:00:00+01:00,511.6239318847656
2021-01-14 00:00:00+01:00,510.54833984375
2021-01-15 00:00:00+01:00,503.5570068359375
2021-01-18 00:00:00+01:00,506.87335205078125
2021-01-19 00:00:00+01:00,493.2787780761719
2021-01-20 00:00:00+01:00,501.20147705078125
2021-01-21 00:00:00+01:00,495.34954833984375
2021-01-22 00:00:00+01:00,489.7675476074219
2021-01-25 00:00:00+01:00,479.8641662597656
2021-01-26 00:00:00+01:00,491.2981262207031
2021-01-27 00:00:00+01:00,487.6068420410156
2021-01-28 00:00:00+01:00,500.481201171875
2021-01-29 00:00:00+01:00,487.6068420410156
2021-02-01 00:00:00+01:00,488.8673400878906
2021-02-02 00:00:00+01:00,494.4491882324219
2021-02-03 00:00:00+01:00,489.0473327636719
2021-02-04 00:00:00+01:00,488.05694580078125
2021-02-05 00:00:00+01:00,494.2691650390625
2021-02-08 00:00:00+01:00,492.4685363769531
2021-02-09 00:00:00+01:00,500.1211853027344
2021-02-10 00:00:00+01:00,496.0697326660156
2021-02-11 00:00:00+01:00,493.2787780761719
2021-02-12 00:00:00+01:00,493.2787780761719
2021-02-15 00:00:00+01:00,509.5743713378906
2021-02-16 00:00:00+01:00,508.94415283203125
2021-02-17 00:00:00+01:00,472.5717468261719
2021-02-18 00:00:00+01:00,479.6841735839844
2021-02-19 00:00:00+01:00,475.3625793457031
2021-02-22 00:00:00+01:00,470.23089599609375
2021-02-23 00:00:00+01:00,470.7711181640625
2021-02-24 00:00:00+01:00,473.8321533203125
2021-02-25 00:00:00+01:00,474.732421875
2021-02-26 00:00:00+01:00,472.5717468261719
2021-03-01 00:00:00+01:00,492.6485900878906
2021-03-02 00:00:00+01:00,502.2819519042969
2021-03-03 00:00:00+01:00,498.77069091796875
2021-03-04 00:00:00+01:00,492.1083984375
2021-03-05 00:00:00+01:00,485.2659912109375
2021-03-08 00:00:00+01:00,498.32049560546875
2021-03-09 00:00:00+01:00,506.5132751464844
2021-03-10 00:00:00+01:00,519.837890625
2021-03-11 00:00:00+01:00,528.660888671875
2021-03-12 00:00:00+01:00,536.9437866210938
2021-03-15 00:00:00+01:00,543.06591796875
2021-03-16 00:00:00+01:00,542.61572265625
2021-03-17 00:00:00+01:00,544.0560913085938
2021-03-18 00:00:00+01:00,545.9468383789062
2021-03-19 00:00:00+01:00,534.4229125976562
2021-03-22 00:00:00+01:00,519.1176147460938
2021-03-23 00:00:00+01:00,518.3973388671875
2021-03-24 00:00:00+01:00,514.2559814453125
2021-03-25 00:00:00+01:00,509.3942565917969
2021-03-26 00:00:00+01:00,508.5840148925781
2021-03-29 00:00:00+02:00,516.8668823242188
2021-03-30 00:00:00+02:00,531.5419311523438
2021-03-31 00:00:00+02:00,529.9213256835938
2021-04-01 00:00:00+02:00,539.6447143554688
2021-04-06 00:00:00+02:00,536.5836791992188
2021-04-07 00:00:00+02:00,533.8826904296875
2021-04-08 00:00:00+02:00,544.6864013671875
2021-04-09 00:00:00+02:00,550.8985595703125
2021-04-12 00:00:00+02:00,554.949951171875
2021-04-13 00:00:00+02:00,564.3131103515625
2021-04-14 00:00:00+02:00,569.8048706054688
2021-04-15 00:00:00+02:00,567.194091796875
2021-04-16 00:00:00+02:00,571.6956176757812
2021-04-19 00:00:00+02:00,576.377197265625
2021-04-20 00:00:00+02:00,563.682861328125
2021-04-21 00:00:00+02:00,587.180908203125
2021-04-22 00:00:00+02:00,581.058837890625
2021-04-23 00:00:00+02:00,584.1197509765625
2021-04-26 00:00:00+02:00,581.9591674804688
2021-04-27 00:00:00+02:00,583.8497924804688
2021-04-28 00:00:00+02:00,586.1005249023438
2021-04-29 00:00:00+02:00,591.1422119140625
2021-04-30 00:00:00+02:00,600.0553588867188
2021-05-03 00:00:00+02:00,607.9779052734375
2021-05-04 00:00:00+02:00,611.4273071289062
2021-05-05 00:00:00+02:00,622.6828002929688
2021-05-06 00:00:00+02:00,626.5859375
2021-05-07 00:00:00+02:00,630.9428100585938
2021-05-10 00:00:00+02:00,639.384521484375
2021-05-11 00:00:00+02:00,629.5813598632812
2021-05-12 00:00:00+02:00,629.4906005859375
2021-05-13 00:00:00+02:00,631.7598266601562
2021-05-14 00:00:00+02:00,641.6537475585938
2021-05-17 00:00:00+02:00,641.6537475585938
2021-05-18 00:00:00+02:00,644.3768920898438
2021-05-19 00:00:00+02:00,639.74755859375
2021-05-20 00:00:00+02:00,647.4630126953125
2021-05-21 00:00:00+02:00,653.3630981445312
2021-05-24 00:00:00+02:00,655.0877685546875
2021-05-25 00:00:00+02:00,657.6292724609375
2021-05-26 00:00:00+02:00,667.8863525390625
2021-05-27 00:00:00+02:00,668.6124267578125
2021-05-28 00:00:00+02:00,679.6863403320312
2021-05-31 00:00:00+02:00,679.2326049804688
2021-06-01 00:00:00+02:00,673.5140380859375
2021-06-02 00:00:00+02:00,677.8709716796875
2021-06-03 00:00:00+02:00,672.7879638671875
2021-06-04 00:00:00+02:00,667.7955932617188
2021-06-07 00:00:00+02:00,665.3447265625
2021-06-08 00:00:00+02:00,673.5140380859375
2021-06-09 00:00:00+02:00,675.8740234375
2021-06-10 00:00:00+02:00,670.9724731445312
2021-06-11 00:00:00+02:00,674.3311157226562
2021-06-14 00:00:00+02:00,675.3294677734375
2021-06-15 00:00:00+02:00,680.0494995117188
2021-06-16 00:00:00+02:00,680.5940551757812
2021-06-17 00:00:00+02:00,688.6727294921875
2021-06-18 00:00:00+02:00,680.7756958007812
2021-06-21 00:00:00+02:00,689.1265258789062
2021-06-22 00:00:00+02:00,691.5772094726562
2021-06-23 00:00:00+02:00,671.154052734375
2021-06-24 00:00:00+02:00,681.592529296875
2021-06-25 00:00:00+02:00,689.1265258789062
2021-06-28 00:00:00+02:00,678.6879272460938
2021-06-29 00:00:00+02:00,684.7695922851562
2021-06-30 00:00:00+02:00,668.9755859375
2021-07-01 00:00:00+02:00,670.9724731445312
2021-07-02 00:00:00+02:00,666.615478515625
2021-07-05 00:00:00+02:00,669.7017822265625
2021-07-06 00:00:00+02:00,660.715576171875
2021-07-07 00:00:00+02:00,669.7017822265625
2021-07-08 00:00:00+02:00,647.0999755859375
2021-07-09 00:00:00+02:00,663.7109375
2021-07-12 00:00:00+02:00,667.341796875
2021-07-13 00:00:00+02:00,674.96630859375
2021-07-14 00:00:00+02:00,681.3203125
2021-07-15 00:00:00+02:00,671.51708984375
2021-07-16 00:00:00+02:00,664.2554321289062
2021-07-19 00:00:00+02:00,646.1014404296875
2021-07-20 00:00:00+02:00,652.8184814453125
2021-07-21 00:00:00+02:00,659.8078002929688
2021-07-22 00:00:00+02:00,660.6246337890625
2021-07-23 00:00:00+02:00,678.59716796875
2021-07-26 00:00:00+02:00,678.3248901367188
2021-07-27 00:00:00+02:00,663.7109375
2021-07-28 00:00:00+02:00,687.855712890625
2021-07-29 00:00:00+02:00,689.9432983398438
2021-07-30 00:00:00+02:00,686.4034423828125
2021-08-02 00:00:00+02:00,703.014404296875
2021-08-03 00:00:00+02:00,705.2835693359375
2021-08-04 00:00:00+02:00,707.7344360351562
2021-08-05 00:00:00+02:00,706.82666015625
2021-08-06 00:00:00+02:00,710.27587890625
2021-08-09 00:00:00+02:00,711.8190307617188
2021-08-10 00:00:00+02:00,716.9930419921875
2021-08-11 00:00:00+02:00,715.4498901367188
2021-08-12 00:00:00+02:00,718.9898071289062
2021-08-13 00:00:00+02:00,716.0852661132812
2021-08-16 00:00:00+02:00,682.591064453125
2021-08-17 00:00:00+02:00,675.6925659179688
2021-08-18 00:00:00+02:00,651.729248046875
2021-08-19 00:00:00+02:00,590.005615234375
2021-08-20 00:00:00+02:00,592.2748413085938
2021-08-23 00:00:00+02:00,609.79345703125
2021-08-24 00:00:00+02:00,607.524169921875
2021-08-25 00:00:00+02:00,612.6981201171875
2021-08-26 00:00:00+02:00,610.3381958007812
2021-08-27 00:00:00+02:00,606.8887329101562
2021-08-30 00:00:00+02:00,609.61181640625
2021-08-31 00:00:00+02:00,611.7904663085938
2021-09-01 00:00:00+02:00,624.6798706054688
2021-09-02 00:00:00+02:00,631.396728515625
2021-09-03 00:00:00+02:00,620.2319946289062
2021-09-06 00:00:00+02:00,630.2167358398438
2021-09-07 00:00:00+02:00,635.9352416992188
2021-09-08 00:00:00+02:00,635.027587890625
2021-09-09 00:00:00+02:00,631.7598266601562
2021-09-10 00:00:00+02:00,632.1229248046875
2021-09-13 00:00:00+02:00,614.5134887695312
2021-09-14 00:00:00+02:00,597.5394287109375
2021-09-15 00:00:00+02:00,573.1224365234375
2021-09-16 00:00:00+02:00,565.0438232421875
2021-09-17 00:00:00+02:00,578.3870239257812
2021-09-20 00:00:00+02:00,570.6715087890625
2021-09-21 00:00:00+02:00,569.0377197265625
2021-09-22 00:00:00+02:00,583.4701538085938
2021-09-23 00:00:00+02:00,593.0009765625
2021-09-24 00:00:00+02:00,575.3007202148438
2021-09-27 00:00:00+02:00,564.8621826171875
2021-09-28 00:00:00+02:00,556.1483764648438
2021-09-29 00:00:00+02:00,559.6884155273438
2021-09-30 00:00:00+02:00,559.1436767578125
2021-10-01 00:00:00+02:00,569.4007568359375
2021-10-04 00:00:00+02:00,562.22998046875
2021-10-05 00:00:00+02:00,563.500732421875
2021-10-06 00:00:00+02:00,559.6884155273438
2021-10-07 00:00:00+02:00,577.8423461914062
2021-10-08 00:00:00+02:00,569.1284790039062
2021-10-11 00:00:00+02:00,575.8453979492188
2021-10-12 00:00:00+02:00,576.2084350585938
2021-10-13 00:00:00+02:00,584.8316040039062
2021-10-14 00:00:00+02:00,600.9887084960938
2021-10-15 00:00:00+02:00,607.0704345703125
2021-10-18 00:00:00+02:00,592.547119140625
2021-10-19 00:00:00+02:00,590.36865234375
2021-10-20 00:00:00+02:00,586.91943359375
2021-10-21 00:00:00+02:00,584.1962280273438
2021-10-22 00:00:00+02:00,586.4654541015625
2021-10-25 00:00:00+02:00,580.9285278320312
2021-10-26 00:00:00+02:00,588.916259765625
2021-10-27 00:00:00+02:00,588.190185546875
2021-10-28 00:00:00+02:00,590.822509765625
2021-10-29 00:00:00+02:00,588.3717651367188
2021-11-01 00:00:00+01:00,591.639404296875
2021-11-02 00:00:00+01:00,583.2885131835938
2021-11-03 00:00:00+01:00,587.282470703125
2021-11-04 00:00:00+01:00,589.097900390625
2021-11-05 00:00:00+01:00,598.9918212890625
2021-11-08 00:00:00+01:00,602.8949584960938
2021-11-09 00:00:00+01:00,618.9612426757812
2021-11-10 00:00:00+01:00,603.4395141601562
2021-11-11 00:00:00+01:00,597.8118286132812
2021-11-12 00:00:00+01:00,615.2395629882812
2021-11-15 00:00:00+01:00,618.59814453125
2021-11-16 00:00:00+01:00,645.556884765625
2021-11-17 00:00:00+01:00,654.5430908203125
2021-11-18 00:00:00+01:00,652.3646850585938
2021-11-19 00:00:00+01:00,650.7308349609375
2021-11-22 00:00:00+01:00,642.3800048828125
2021-11-23 00:00:00+01:00,639.2936401367188
2021-11-24 00:00:00+01:00,644.8307495117188
2021-11-25 00:00:00+01:00,652.2737426757812
2021-11-26 00:00:00+01:00,604.0748901367188
2021-11-29 00:00:00+01:00,620.6858520507812
2021-11-30 00:00:00+01:00,618.5073852539062
2021-12-01 00:00:00+01:00,640.0199584960938
2021-12-02 00:00:00+01:00,629.4906005859375
2021-12-03 00:00:00+01:00,620.867431640625
2021-12-06 00:00:00+01:00,631.12451171875
2021-12-07 00:00:00+01:00,667.341796875
2021-12-08 00:00:00+01:00,651.2753295898438
2021-12-09 00:00:00+01:00,643.2876586914062
2021-12-10 00:00:00+01:00,635.844482421875
2021-12-13 00:00:00+01:00,630.03515625
2021-12-14 00:00:00+01:00,626.3136596679688
2021-12-15 00:00:00+01:00,630.3074951171875
2021-12-16 00:00:00+01:00,631.6690673828125
2021-12-17 00:00:00+01:00,626.132080078125
2021-12-20 00:00:00+01:00,618.9612426757812
2021-12-21 00:00:00+01:00,620.32275390625
2021-12-22 00:00:00+01:00,624.407470703125
2021-12-23 00:00:00+01:00,625.1336059570312
2021-12-24 00:00:00+01:00,623.5904541015625
2021-12-27 00:00:00+01:00,634.48291015625
2021-12-28 00:00:00+01:00,635.9352416992188
2021-12-29 00:00:00+01:00,638.5675659179688
2021-12-30 00:00:00+01:00,642.4706420898438
2021-12-31 00:00:00+01:00,641.6537475585938
2022-01-03 00:00:00+01:00,642.6522216796875
2022-01-04 00:00:00+01:00,653.0907592773438
2022-01-05 00:00:00+01:00,672.4248046875
2022-01-06 00:00:00+01:00,651.8199462890625
2022-01-07 00:00:00+01:00,651.1846313476562
2022-01-10 00:00:00+01:00,630.03515625
2022-01-11 00:00:00+01:00,644.7399291992188
2022-01-12 00:00:00+01:00,649.0968627929688
2022-01-13 00:00:00+01:00,625.6542358398438
2022-01-14 00:00:00+01:00,607.0460815429688
2022-01-17 00:00:00+01:00,621.4583129882812
2022-01-18 00:00:00+01:00,609.0529174804688
2022-01-19 00:00:00+01:00,621.002197265625
2022-01-20 00:00:00+01:00,622.0056762695312
2022-01-21 00:00:00+01:00,610.0562133789062
2022-01-24 00:00:00+01:00,591.9041137695312
2022-01-25 00:00:00+01:00,588.1641845703125
2022-01-26 00:00:00+01:00,598.8365478515625
2022-01-27 00:00:00+01:00,595.6439819335938
2022-01-28 00:00:00+01:00,590.9007568359375
2022-01-31 00:00:00+01:00,598.6541137695312
2022-02-01 00:00:00+01:00,612.7015991210938
2022-02-02 00:00:00+01:00,619.3602905273438
2022-02-03 00:00:00+01:00,601.4818725585938
2022-02-04 00:00:00+01:00,594.9142456054688
2022-02-07 00:00:00+01:00,592.3601684570312
2022-02-08 00:00:00+01:00,586.978515625
2022-02-09 00:00:00+01:00,588.3467407226562
2022-02-10 00:00:00+01:00,573.569580078125
2022-02-11 00:00:00+01:00,565.3601684570312
2022-02-14 00:00:00+01:00,562.0763549804688
2022-02-15 00:00:00+01:00,576.032470703125
2022-02-16 00:00:00+01:00,577.0358276367188
2022-02-17 00:00:00+01:00,605.5866088867188
2022-02-18 00:00:00+01:00,608.0493774414062
2022-02-21 00:00:00+01:00,594.5494384765625
2022-02-22 00:00:00+01:00,586.6135864257812
2022-02-23 00:00:00+01:00,589.7149658203125
2022-02-24 00:00:00+01:00,565.7249755859375
2022-02-25 00:00:00+01:00,582.5087890625
2022-02-28 00:00:00+01:00,581.1405639648438
2022-03-01 00:00:00+01:00,557.9716186523438
2022-03-02 00:00:00+01:00,565.0864868164062
2022-03-03 00:00:00+01:00,551.2214965820312
2022-03-04 00:00:00+01:00,509.53558349609375
2022-03-07 00:00:00+01:00,494.39373779296875
2022-03-08 00:00:00+01:00,488.19091796875
2022-03-09 00:00:00+01:00,529.78564453125
2022-03-10 00:00:00+01:00,503.3328857421875
2022-03-11 00:00:00+01:00,508.16729736328125
2022-03-14 00:00:00+01:00,515.0086059570312
2022-03-15 00:00:00+01:00,508.25860595703125
2022-03-16 00:00:00+01:00,536.353271484375
2022-03-17 00:00:00+01:00,541.3701782226562
2022-03-18 00:00:00+01:00,551.404052734375
2022-03-21 00:00:00+01:00,543.3768920898438
2022-03-22 00:00:00+01:00,544.2891235351562
2022-03-23 00:00:00+01:00,529.78564453125
2022-03-24 00:00:00+01:00,526.5018310546875
2022-03-25 00:00:00+01:00,531.1538696289062
2022-03-28 00:00:00+02:00,532.9782104492188
2022-03-29 00:00:00+02:00,547.2080078125
2022-03-30 00:00:00+02:00,534.893798828125
2022-03-31 00:00:00+02:00,525.1337280273438
2022-04-01 00:00:00+02:00,524.768798828125
2022-04-04 00:00:00+02:00,534.2552490234375
2022-04-05 00:00:00+02:00,533.2518920898438
2022-04-06 00:00:00+02:00,508.16729736328125
2022-04-07 00:00:00+02:00,500.2314758300781
2022-04-08 00:00:00+02:00,502.87677001953125
2022-04-11 00:00:00+02:00,488.28216552734375
2022-04-12 00:00:00+02:00,485.08953857421875
2022-04-13 00:00:00+02:00,480.0726623535156
2022-04-14 00:00:00+02:00,486.9139099121094
2022-04-19 00:00:00+02:00,483.3564758300781
2022-04-20 00:00:00+02:00,494.30242919921875
2022-04-21 00:00:00+02:00,504.51861572265625
2022-04-22 00:00:00+02:00,482.7179870605469
2022-04-25 00:00:00+02:00,461.73822021484375
2022-04-26 00:00:00+02:00,462.83270263671875
2022-04-27 00:00:00+02:00,462.65032958984375
2022-04-28 00:00:00+02:00,461.4645080566406
2022-04-29 00:00:00+02:00,468.03204345703125
2022-05-02 00:00:00+02:00,459.913818359375
2022-05-03 00:00:00+02:00,454.9036865234375
2022-05-04 00:00:00+02:00,446.1358947753906
2022-05-05 00:00:00+02:00,436.9041748046875
2022-05-06 00:00:00+02:00,424.8426818847656
2022-05-09 00:00:00+02:00,410.50811767578125
2022-05-10 00:00:00+02:00,410.92559814453125
2022-05-11 00:00:00+02:00,426.41998291015625
2022-05-12 00:00:00+02:00,416.5852355957031
2022-05-13 00:00:00+02:00,426.8839111328125
2022-05-16 00:00:00+02:00,427.4869689941406
2022-05-17 00:00:00+02:00,436.3939208984375
2022-05-18 00:00:00+02:00,429.85284423828125
2022-05-19 00:00:00+02:00,421.3170166015625
2022-05-20 00:00:00+02:00,417.8377990722656
2022-05-23 00:00:00+02:00,422.1520690917969
2022-05-24 00:00:00+02:00,414.6368103027344
2022-05-25 00:00:00+02:00,419.4614562988281
2022-05-26 00:00:00+02:00,433.9352111816406
2022-05-27 00:00:00+02:00,453.697509765625
2022-05-30 00:00:00+02:00,468.82073974609375
2022-05-31 00:00:00+02:00,472.9031066894531
2022-06-01 00:00:00+02:00,472.995849609375
2022-06-02 00:00:00+02:00,482.9234313964844
2022-06-03 00:00:00+02:00,483.3873291015625
2022-06-06 00:00:00+02:00,488.1191101074219
2022-06-07 00:00:00+02:00,487.0985412597656
2022-06-08 00:00:00+02:00,485.2428894042969
2022-06-09 00:00:00+02:00,477.8204650878906
2022-06-10 00:00:00+02:00,473.55255126953125
2022-06-13 00:00:00+02:00,459.821044921875
2022-06-14 00:00:00+02:00,455.8314514160156
2022-06-15 00:00:00+02:00,467.6146240234375
2022-06-16 00:00:00+02:00,453.836669921875
2022-06-17 00:00:00+02:00,447.0636901855469
2022-06-20 00:00:00+02:00,449.4295654296875
2022-06-21 00:00:00+02:00,458.6148681640625
2022-06-22 00:00:00+02:00,452.6769104003906
2022-06-23 00:00:00+02:00,454.6253356933594
2022-06-24 00:00:00+02:00,466.222900390625
2022-06-27 00:00:00+02:00,460.79522705078125
2022-06-28 00:00:00+02:00,467.2434997558594
2022-06-29 00:00:00+02:00,464.4600830078125
2022-06-30 00:00:00+02:00,454.71807861328125
2022-07-01 00:00:00+02:00,452.0738525390625
2022-07-04 00:00:00+02:00,454.9964294433594
2022-07-05 00:00:00+02:00,445.02252197265625
2022-07-06 00:00:00+02:00,454.1150207519531
2022-07-07 00:00:00+02:00,468.72796630859375
2022-07-08 00:00:00+02:00,464.8311462402344
2022-07-11 00:00:00+02:00,460.3313293457031
2022-07-12 00:00:00+02:00,468.4496154785156
2022-07-13 00:00:00+02:00,463.9033508300781
2022-07-14 00:00:00+02:00,460.88800048828125
2022-07-15 00:00:00+02:00,461.02716064453125
2022-07-18 00:00:00+02:00,473.9236755371094
2022-07-19 00:00:00+02:00,490.1603088378906
2022-07-20 00:00:00+02:00,488.7685852050781
2022-07-21 00:00:00+02:00,491.92315673828125
2022-07-22 00:00:00+02:00,492.9437255859375
2022-07-25 00:00:00+02:00,494.52099609375
2022-07-26 00:00:00+02:00,487.00579833984375
2022-07-27 00:00:00+02:00,489.88201904296875
2022-07-28 00:00:00+02:00,515.9533081054688
2022-07-29 00:00:00+02:00,516.695556640625
2022-08-01 00:00:00+02:00,512.9844360351562
2022-08-02 00:00:00+02:00,504.2629699707031
2022-08-03 00:00:00+02:00,513.4483032226562
2022-08-04 00:00:00+02:00,516.231689453125
2022-08-05 00:00:00+02:00,504.355712890625
2022-08-08 00:00:00+02:00,511.03594970703125
2022-08-09 00:00:00+02:00,506.48968505859375
2022-08-10 00:00:00+02:00,514.0048828125
2022-08-11 00:00:00+02:00,519.2935180664062
2022-08-12 00:00:00+02:00,520.4995727539062
2022-08-15 00:00:00+02:00,520.7779541015625
2022-08-16 00:00:00+02:00,523.3757934570312
2022-08-17 00:00:00+02:00,522.819091796875
2022-08-18 00:00:00+02:00,522.0768432617188
2022-08-19 00:00:00+02:00,517.8088989257812
2022-08-22 00:00:00+02:00,501.4795227050781
2022-08-23 00:00:00+02:00,499.8095397949219
2022-08-24 00:00:00+02:00,504.355712890625
2022-08-25 00:00:00+02:00,504.2629699707031
2022-08-26 00:00:00+02:00,490.717041015625
2022-08-29 00:00:00+02:00,479.76885986328125
2022-08-30 00:00:00+02:00,478.2843933105469
2022-08-31 00:00:00+02:00,466.68682861328125
2022-09-01 00:00:00+02:00,456.66650390625
2022-09-02 00:00:00+02:00,460.2849426269531
2022-09-05 00:00:00+02:00,458.5684814453125
2022-09-06 00:00:00+02:00,463.4394836425781
2022-09-07 00:00:00+02:00,474.75872802734375
2022-09-08 00:00:00+02:00,478.1916198730469
2022-09-09 00:00:00+02:00,484.500732421875
2022-09-12 00:00:00+02:00,491.8303527832031
2022-09-13 00:00:00+02:00,485.3356628417969
2022-09-14 00:00:00+02:00,481.62445068359375
2022-09-15 00:00:00+02:00,467.8001708984375
2022-09-16 00:00:00+02:00,458.4756774902344
2022-09-19 00:00:00+02:00,457.5478820800781
2022-09-20 00:00:00+02:00,459.63543701171875
2022-09-21 00:00:00+02:00,465.2950744628906
2022-09-22 00:00:00+02:00,459.7282409667969
2022-09-23 00:00:00+02:00,442.7494201660156
2022-09-26 00:00:00+02:00,438.8989562988281
2022-09-27 00:00:00+02:00,425.3066101074219
2022-09-28 00:00:00+02:00,429.29620361328125
2022-09-29 00:00:00+02:00,422.1984558105469
2022-09-30 00:00:00+02:00,425.4457702636719
2022-10-03 00:00:00+02:00,421.9665222167969
2022-10-04 00:00:00+02:00,445.8111267089844
2022-10-05 00:00:00+02:00,431.0590515136719
2022-10-06 00:00:00+02:00,423.07989501953125
2022-10-07 00:00:00+02:00,417.0491027832031
2022-10-10 00:00:00+02:00,411.5286560058594
2022-10-11 00:00:00+02:00,413.10595703125
2022-10-12 00:00:00+02:00,413.2915344238281
2022-10-13 00:00:00+02:00,411.2039794921875
2022-10-14 00:00:00+02:00,415.6574401855469
2022-10-17 00:00:00+02:00,429.4817199707031
2022-10-18 00:00:00+02:00,431.89404296875
2022-10-19 00:00:00+02:00,425.8633117675781
2022-10-20 00:00:00+02:00,435.69805908203125
2022-10-21 00:00:00+02:00,421.3170166015625
2022-10-24 00:00:00+02:00,423.4510192871094
2022-10-25 00:00:00+02:00,438.2959289550781
2022-10-26 00:00:00+02:00,442.7494201660156
2022-10-27 00:00:00+02:00,437.0897521972656
2022-10-28 00:00:00+02:00,430.2703552246094
2022-10-31 00:00:00+01:00,430.2240295410156
2022-11-01 00:00:00+01:00,442.05352783203125
2022-11-02 00:00:00+01:00,438.8989562988281
2022-11-03 00:00:00+01:00,436.20831298828125
2022-11-04 00:00:00+01:00,467.05792236328125
2022-11-07 00:00:00+01:00,468.54241943359375
2022-11-08 00:00:00+01:00,478.3771667480469
2022-11-09 00:00:00+01:00,475.2226257324219
2022-11-10 00:00:00+01:00,493.5932312011719
2022-11-11 00:00:00+01:00,504.355712890625
2022-11-14 00:00:00+01:00,502.6856384277344
2022-11-15 00:00:00+01:00,507.6958312988281
2022-11-16 00:00:00+01:00,499.1600341796875
2022-11-17 00:00:00+01:00,501.3868103027344
2022-11-18 00:00:00+01:00,511.3142395019531
2022-11-21 00:00:00+01:00,509.922607421875
2022-11-22 00:00:00+01:00,503.7062683105469
2022-11-23 00:00:00+01:00,506.67523193359375
2022-11-24 00:00:00+01:00,508.15972900390625
2022-11-25 00:00:00+01:00,505.93304443359375
2022-11-28 00:00:00+01:00,505.84027099609375
2022-11-29 00:00:00+01:00,512.7059936523438
2022-11-30 00:00:00+01:00,526.4376220703125
2022-12-01 00:00:00+01:00,526.1591186523438
2022-12-02 00:00:00+01:00,519.2935180664062
2022-12-05 00:00:00+01:00,506.7680969238281
2022-12-06 00:00:00+01:00,505.84027099609375
2022-12-07 00:00:00+01:00,484.87176513671875
2022-12-08 00:00:00+01:00,484.87176513671875
2022-12-09 00:00:00+01:00,485.7068786621094
2022-12-12 00:00:00+01:00,480.5111389160156
2022-12-13 00:00:00+01:00,486.1707763671875
2022-12-14 00:00:00+01:00,486.8202209472656
2022-12-15 00:00:00+01:00,459.7282409667969
2022-12-16 00:00:00+01:00,455.5994873046875
2022-12-19 00:00:00+01:00,450.77490234375
2022-12-20 00:00:00+01:00,433.6105041503906
2022-12-21 00:00:00+01:00,446.59979248046875
2022-12-22 00:00:00+01:00,440.80096435546875
2022-12-23 00:00:00+01:00,437.8784484863281
2022-12-27 00:00:00+01:00,443.95550537109375
2022-12-28 00:00:00+01:00,441.91436767578125
2022-12-29 00:00:00+01:00,447.7595520019531
2022-12-30 00:00:00+01:00,441.1720886230469
2023-01-02 00:00:00+01:00,448.6873474121094
2023-01-03 00:00:00+01:00,453.790283203125
2023-01-04 00:00:00+01:00,474.1092834472656
2023-01-05 00:00:00+01:00,480.6038818359375
2023-01-06 00:00:00+01:00,489.5108337402344
2023-01-09 00:00:00+01:00,488.490234375
2023-01-10 00:00:00+01:00,486.4490661621094
2023-01-11 00:00:00+01:00,504.1701965332031
2023-01-12 00:00:00+01:00,514.0048828125
2023-01-13 00:00:00+01:00,522.9119262695312
2023-01-16 00:00:00+01:00,524.3148193359375
2023-01-17 00:00:00+01:00,519.1707153320312
2023-01-18 00:00:00+01:00,508.5086975097656
2023-01-19 00:00:00+01:00,495.6954040527344
2023-01-20 00:00:00+01:00,497.19183349609375
2023-01-23 00:00:00+01:00,502.5229187011719
2023-01-24 00:00:00+01:00,503.9258117675781
2023-01-25 00:00:00+01:00,499.6235656738281
2023-01-26 00:00:00+01:00,512.436767578125
2023-01-27 00:00:00+01:00,521.6025390625
2023-01-30 00:00:00+01:00,529.3652954101562
2023-01-31 00:00:00+01:00,533.573974609375
2023-02-01 00:00:00+01:00,526.93359375
2023-02-02 00:00:00+01:00,553.9629516601562
2023-02-03 00:00:00+01:00,559.855224609375
2023-02-06 00:00:00+01:00,538.7180786132812
2023-02-07 00:00:00+01:00,536.2863159179688
2023-02-08 00:00:00+01:00,531.1423950195312
2023-02-09 00:00:00+01:00,541.7108764648438
2023-02-10 00:00:00+01:00,523.2860107421875
2023-02-13 00:00:00+01:00,529.9264526367188
2023-02-14 00:00:00+01:00,525.0630493164062
2023-02-15 00:00:00+01:00,540.962646484375
2023-02-16 00:00:00+01:00,558.0782470703125
2023-02-17 00:00:00+01:00,551.8118896484375
2023-02-20 00:00:00+01:00,552.8406982421875
2023-02-21 00:00:00+01:00,547.4160766601562
2023-02-22 00:00:00+01:00,539.5597534179688
2023-02-23 00:00:00+01:00,541.1497802734375
2023-02-24 00:00:00+01:00,517.9548950195312
2023-02-27 00:00:00+01:00,525.0630493164062
2023-02-28 00:00:00+01:00,519.0772094726562
2023-03-01 00:00:00+01:00,525.3436279296875
2023-03-02 00:00:00+01:00,534.6963500976562
2023-03-03 00:00:00+01:00,540.0274047851562
2023-03-06 00:00:00+01:00,541.4303588867188
2023-03-07 00:00:00+01:00,538.62451171875
2023-03-08 00:00:00+01:00,542.3656616210938
2023-03-09 00:00:00+01:00,541.5238647460938
2023-03-10 00:00:00+01:00,536.4733276367188
2023-03-13 00:00:00+01:00,514.5879516601562
2023-03-14 00:00:00+01:00,528.6170043945312
2023-03-15 00:00:00+01:00,504.3934631347656
2023-03-16 00:00:00+01:00,517.11328125
2023-03-17 00:00:00+01:00,511.6885986328125
2023-03-20 00:00:00+01:00,520.0125732421875
2023-03-21 00:00:00+01:00,531.2357788085938
2023-03-22 00:00:00+01:00,534.9769897460938
2023-03-23 00:00:00+01:00,540.68212890625
2023-03-24 00:00:00+01:00,542.9267578125
2023-03-27 00:00:00+02:00,536.19287109375
2023-03-28 00:00:00+02:00,538.1568603515625
2023-03-29 00:00:00+02:00,546.3873291015625
2023-03-30 00:00:00+02:00,556.1141357421875
2023-03-31 00:00:00+02:00,561.1646118164062
2023-04-03 00:00:00+02:00,555.2723388671875
2023-04-04 00:00:00+02:00,546.3873291015625
2023-04-05 00:00:00+02:00,528.8976440429688
2023-04-06 00:00:00+02:00,519.4514770507812
2023-04-11 00:00:00+02:00,520.8543090820312
2023-04-12 00:00:00+02:00,518.2354736328125
2023-04-13 00:00:00+02:00,531.7969970703125
2023-04-14 00:00:00+02:00,538.7180786132812
2023-04-17 00:00:00+02:00,531.1423950195312
2023-04-18 00:00:00+02:00,534.6963500976562
2023-04-19 00:00:00+02:00,534.9769897460938
2023-04-20 00:00:00+02:00,538.8115844726562
2023-04-21 00:00:00+02:00,540.588623046875
2023-04-24 00:00:00+02:00,546.9484252929688
2023-04-25 00:00:00+02:00,547.3226318359375
2023-04-26 00:00:00+02:00,534.7898559570312
2023-04-27 00:00:00+02:00,542.2720336914062
2023-04-28 00:00:00+02:00,542.1785278320312
2023-05-02 00:00:00+02:00,535.1422119140625
2023-05-03 00:00:00+02:00,538.75537109375
2023-05-04 00:00:00+02:00,531.0535278320312
2023-05-05 00:00:00+02:00,533.81103515625
2023-05-08 00:00:00+02:00,536.7586669921875
2023-05-09 00:00:00+02:00,522.2105102539062
2023-05-10 00:00:00+02:00,514.8889770507812
2023-05-11 00:00:00+02:00,518.1218872070312
2023-05-12 00:00:00+02:00,518.5973510742188
2023-05-15 00:00:00+02:00,524.3024291992188
2023-05-16 00:00:00+02:00,519.6432495117188
2023-05-17 00:00:00+02:00,515.3643798828125
2023-05-18 00:00:00+02:00,518.0267944335938
2023-05-19 00:00:00+02:00,508.8034362792969
2023-05-22 00:00:00+02:00,515.3643798828125
2023-05-23 00:00:00+02:00,500.05560302734375
2023-05-24 00:00:00+02:00,488.26495361328125
2023-05-25 00:00:00+02:00,485.3172912597656
2023-05-26 00:00:00+02:00,492.2585754394531
2023-05-29 00:00:00+02:00,489.4059753417969
2023-05-30 00:00:00+02:00,488.07476806640625
2023-05-31 00:00:00+02:00,473.8594665527344
2023-06-01 00:00:00+02:00,471.81512451171875
2023-06-02 00:00:00+02:00,481.7991638183594
2023-06-05 00:00:00+02:00,477.2350158691406
2023-06-06 00:00:00+02:00,477.2350158691406
2023-06-07 00:00:00+02:00,479.99249267578125
2023-06-08 00:00:00+02:00,477.8055419921875
2023-06-09 00:00:00+02:00,479.8974304199219
2023-06-12 00:00:00+02:00,484.6517028808594
2023-06-13 00:00:00+02:00,489.5961608886719
2023-06-14 00:00:00+02:00,497.2980651855469
2023-06-15 00:00:00+02:00,491.0224609375
2023-06-16 00:00:00+02:00,501.7671203613281
2023-06-19 00:00:00+02:00,493.3044738769531
2023-06-20 00:00:00+02:00,490.1666564941406
2023-06-21 00:00:00+02:00,486.0780029296875
2023-06-22 00:00:00+02:00,487.7895202636719
2023-06-23 00:00:00+02:00,477.5202941894531
2023-06-26 00:00:00+02:00,477.71044921875
2023-06-27 00:00:00+02:00,480.8482666015625
2023-06-28 00:00:00+02:00,475.4283752441406
2023-06-29 00:00:00+02:00,476.6645202636719
2023-06-30 00:00:00+02:00,480.753173828125
2023-07-03 00:00:00+02:00,479.2318115234375
2023-07-04 00:00:00+02:00,481.1335144042969
2023-07-05 00:00:00+02:00,467.2510070800781
2023-07-06 00:00:00+02:00,452.13238525390625
2023-07-07 00:00:00+02:00,454.1291809082031
2023-07-10 00:00:00+02:00,457.1243896484375
2023-07-11 00:00:00+02:00,464.2558288574219
2023-07-12 00:00:00+02:00,474.1922607421875
2023-07-13 00:00:00+02:00,476.9497985839844
2023-07-14 00:00:00+02:00,475.4283752441406
2023-07-17 00:00:00+02:00,466.15753173828125
2023-07-18 00:00:00+02:00,469.7232666015625
2023-07-19 00:00:00+02:00,504.3344421386719
2023-07-20 00:00:00+02:00,514.7938842773438
2023-07-21 00:00:00+02:00,514.6987915039062
2023-07-24 00:00:00+02:00,506.4263000488281
2023-07-25 00:00:00+02:00,505.5705261230469
2023-07-26 00:00:00+02:00,496.3472595214844
2023-07-27 00:00:00+02:00,510.9904479980469
2023-07-28 00:00:00+02:00,505.0951232910156
2023-07-31 00:00:00+02:00,497.86859130859375
2023-08-01 00:00:00+02:00,492.9241638183594
2023-08-02 00:00:00+02:00,485.8877868652344
2023-08-03 00:00:00+02:00,484.93695068359375
2023-08-04 00:00:00+02:00,489.2158203125
2023-08-07 00:00:00+02:00,492.44873046875
2023-08-08 00:00:00+02:00,489.3108825683594
2023-08-09 00:00:00+02:00,491.5929260253906
2023-08-10 00:00:00+02:00,502.4327392578125
2023-08-11 00:00:00+02:00,491.6880187988281
2023-08-14 00:00:00+02:00,488.7403869628906
2023-08-15 00:00:00+02:00,483.8910217285156
2023-08-16 00:00:00+02:00,481.7991638183594
2023-08-17 00:00:00+02:00,473.8118896484375
2023-08-18 00:00:00+02:00,468.39202880859375
2023-08-21 00:00:00+02:00,474.0021057128906
2023-08-22 00:00:00+02:00,476.75958251953125
2023-08-23 00:00:00+02:00,474.5726318359375
2023-08-24 00:00:00+02:00,465.9198303222656
2023-08-25 00:00:00+02:00,463.63775634765625
2023-08-28 00:00:00+02:00,470.1035461425781
2023-08-29 00:00:00+02:00,474.4775390625
2023-08-30 00:00:00+02:00,473.8118896484375
2023-08-31 00:00:00+02:00,469.9134521484375
2023-09-01 00:00:00+02:00,464.77874755859375
2023-09-04 00:00:00+02:00,466.4427795410156
2023-09-05 00:00:00+02:00,456.2210693359375
2023-09-06 00:00:00+02:00,445.66656494140625
2023-09-07 00:00:00+02:00,440.10406494140625
2023-09-08 00:00:00+02:00,446.617431640625
2023-09-11 00:00:00+02:00,445.14361572265625
2023-09-12 00:00:00+02:00,440.91229248046875
2023-09-13 00:00:00+02:00,439.1531982421875
2023-09-14 00:00:00+02:00,438.3449401855469
2023-09-15 00:00:00+02:00,446.0469055175781
2023-09-18 00:00:00+02:00,436.87115478515625
2023-09-19 00:00:00+02:00,434.39892578125
2023-09-20 00:00:00+02:00,435.112060546875
2023-09-21 00:00:00+02:00,431.3086242675781
2023-09-22 00:00:00+02:00,437.8219909667969
2023-09-25 00:00:00+02:00,417.9490661621094
2023-09-26 00:00:00+02:00,408.8208923339844
2023-09-27 00:00:00+02:00,406.2535400390625
2023-09-28 00:00:00+02:00,408.345458984375
2023-09-29 00:00:00+02:00,410.6750183105469
2023-10-02 00:00:00+02:00,408.20281982421875
2023-10-03 00:00:00+02:00,400.9287414550781
2023-10-04 00:00:00+02:00,400.73858642578125
2023-10-05 00:00:00+02:00,400.73858642578125
2023-10-06 00:00:00+02:00,404.4469299316406
2023-10-09 00:00:00+02:00,399.02703857421875
2023-10-10 00:00:00+02:00,412.7669372558594
2023-10-11 00:00:00+02:00,406.9191589355469
2023-10-12 00:00:00+02:00,396.31707763671875
2023-10-13 00:00:00+02:00,386.80853271484375
2023-10-16 00:00:00+02:00,389.8512878417969
2023-10-17 00:00:00+02:00,389.3758239746094
2023-10-18 00:00:00+02:00,389.32830810546875
2023-10-19 00:00:00+02:00,390.4693298339844
2023-10-20 00:00:00+02:00,383.005126953125
2023-10-23 00:00:00+02:00,383.6706848144531
2023-10-24 00:00:00+02:00,387.4266052246094
2023-10-25 00:00:00+02:00,373.9719543457031
2023-10-26 00:00:00+02:00,365.5093688964844
2023-10-27 00:00:00+02:00,364.653564453125
2023-10-30 00:00:00+01:00,364.1781311035156
2023-10-31 00:00:00+01:00,364.3683166503906
2023-11-01 00:00:00+01:00,363.227294921875
2023-11-02 00:00:00+01:00,376.34912109375
2023-11-03 00:00:00+01:00,387.2364196777344
2023-11-06 00:00:00+01:00,379.1065979003906
2023-11-07 00:00:00+01:00,380.3902587890625
2023-11-08 00:00:00+01:00,383.4329833984375
2023-11-09 00:00:00+01:00,386.6658935546875
2023-11-10 00:00:00+01:00,373.78179931640625
2023-11-13 00:00:00+01:00,374.3998718261719
2023-11-14 00:00:00+01:00,388.0446472167969
2023-11-15 00:00:00+01:00,389.993896484375
2023-11-16 00:00:00+01:00,379.4869384765625
2023-11-17 00:00:00+01:00,384.431396484375
2023-11-20 00:00:00+01:00,383.3854675292969
2023-11-21 00:00:00+01:00,379.81976318359375
2023-11-22 00:00:00+01:00,383.9559326171875
2023-11-23 00:00:00+01:00,386.0003356933594
2023-11-24 00:00:00+01:00,386.4757080078125
2023-11-27 00:00:00+01:00,384.62158203125
2023-11-28 00:00:00+01:00,374.68511962890625
2023-11-29 00:00:00+01:00,371.7850036621094
2023-11-30 00:00:00+01:00,374.3523254394531
2023-12-01 00:00:00+01:00,373.59161376953125
2023-12-04 00:00:00+01:00,380.3902587890625
2023-12-05 00:00:00+01:00,379.01153564453125
2023-12-06 00:00:00+01:00,384.431396484375
2023-12-07 00:00:00+01:00,383.57562255859375
2023-12-08 00:00:00+01:00,393.4645080566406
2023-12-11 00:00:00+01:00,389.3758239746094
2023-12-12 00:00:00+01:00,390.2791748046875
2023-12-13 00:00:00+01:00,388.900390625
2023-12-14 00:00:00+01:00,406.0633544921875
2023-12-15 00:00:00+01:00,397.3155212402344
2023-12-18 00:00:00+01:00,387.3315124511719
2023-12-19 00:00:00+01:00,386.0003356933594
2023-12-20 00:00:00+01:00,386.4757080078125
2023-12-21 00:00:00+01:00,381.9115905761719
2023-12-22 00:00:00+01:00,378.2508239746094
2023-12-27 00:00:00+01:00,383.005126953125
2023-12-28 00:00:00+01:00,378.6787109375
2023-12-29 00:00:00+01:00,379.391845703125
2024-01-02 00:00:00+01:00,373.7342529296875
2024-01-03 00:00:00+01:00,362.4190368652344
2024-01-04 00:00:00+01:00,360.8026123046875
2024-01-05 00:00:00+01:00,359.80419921875
2024-01-08 00:00:00+01:00,366.50775146484375
2024-01-09 00:00:00+01:00,365.1289978027344
2024-01-10 00:00:00+01:00,362.9420471191406
2024-01-11 00:00:00+01:00,352.9104919433594
2024-01-12 00:00:00+01:00,348.6791687011719
2024-01-15 00:00:00+01:00,348.91986083984375
2024-01-16 00:00:00+01:00,345.3098449707031
2024-01-17 00:00:00+01:00,333.18017578125
2024-01-18 00:00:00+01:00,340.40020751953125
2024-01-19 00:00:00+01:00,337.4159240722656
2024-01-22 00:00:00+01:00,340.640869140625
2024-01-23 00:00:00+01:00,346.5613098144531
2024-01-24 00:00:00+01:00,351.13397216796875
2024-01-25 00:00:00+01:00,347.5239562988281
2024-01-26 00:00:00+01:00,370.43548583984375
2024-01-29 00:00:00+01:00,370.483642578125
2024-01-30 00:00:00+01:00,371.49444580078125
2024-01-31 00:00:00+01:00,368.943359375
2024-02-01 00:00:00+01:00,364.226318359375
2024-02-02 00:00:00+01:00,362.5416259765625
2024-02-05 00:00:00+01:00,369.8097839355469
2024-02-06 00:00:00+01:00,377.07794189453125
2024-02-07 00:00:00+01:00,375.68206787109375
2024-02-08 00:00:00+01:00,394.1172180175781
2024-02-09 00:00:00+01:00,397.6790771484375
2024-02-12 00:00:00+01:00,396.52386474609375
2024-02-13 00:00:00+01:00,395.56121826171875
2024-02-14 00:00:00+01:00,400.56707763671875
2024-02-15 00:00:00+01:00,407.54644775390625
2024-02-16 00:00:00+01:00,412.1191711425781
2024-02-19 00:00:00+01:00,412.02288818359375
2024-02-20 00:00:00+01:00,412.2154235839844
2024-02-21 00:00:00+01:00,413.659423828125
2024-02-22 00:00:00+01:00,418.28021240234375
2024-02-23 00:00:00+01:00,409.7605895996094
2024-02-26 00:00:00+01:00,412.02288818359375
2024-02-27 00:00:00+01:00,417.413818359375
2024-02-28 00:00:00+01:00,410.0975341796875
2024-02-29 00:00:00+01:00,409.1829833984375
2024-03-01 00:00:00+01:00,408.1240539550781
2024-03-04 00:00:00+01:00,400.23016357421875
2024-03-05 00:00:00+01:00,395.657470703125
2024-03-06 00:00:00+01:00,395.8018798828125
2024-03-07 00:00:00+01:00,396.0906982421875
2024-03-08 00:00:00+01:00,401.81854248046875
2024-03-11 00:00:00+01:00,404.4659118652344
2024-03-12 00:00:00+01:00,410.2419128417969
2024-03-13 00:00:00+01:00,407.7871398925781
2024-03-14 00:00:00+01:00,410.2900695800781
2024-03-15 00:00:00+01:00,410.2419128417969
2024-03-18 00:00:00+01:00,407.6427307128906
2024-03-19 00:00:00+01:00,410.0494079589844
2024-03-20 00:00:00+01:00,361.1938781738281
2024-03-21 00:00:00+01:00,357.439453125
2024-03-22 00:00:00+01:00,344.68408203125
2024-03-25 00:00:00+01:00,340.5445861816406
2024-03-26 00:00:00+01:00,351.2783508300781
2024-03-27 00:00:00+01:00,352.9149169921875
2024-03-28 00:00:00+01:00,352.67425537109375
2024-04-02 00:00:00+02:00,353.15557861328125
2024-04-03 00:00:00+02:00,352.7705078125
2024-04-04 00:00:00+02:00,355.5141296386719
2024-04-05 00:00:00+02:00,349.2567443847656
2024-04-08 00:00:00+02:00,351.5671691894531
2024-04-09 00:00:00+02:00,350.6045227050781
2024-04-10 00:00:00+02:00,343.6251525878906
2024-04-11 00:00:00+02:00,341.8442077636719
2024-04-12 00:00:00+02:00,337.4159240722656
2024-04-15 00:00:00+02:00,337.12713623046875
2024-04-16 00:00:00+02:00,327.5966796875
2024-04-17 00:00:00+02:00,328.27056884765625
2024-04-18 00:00:00+02:00,327.7892150878906
2024-04-19 00:00:00+02:00,326.4414978027344
2024-04-22 00:00:00+02:00,333.3726806640625
2024-04-23 00:00:00+02:00,337.12713623046875
2024-04-24 00:00:00+02:00,313.9748840332031
2024-04-25 00:00:00+02:00,315.08197021484375
2024-04-26 00:00:00+02:00,325.3344421386719
2024-04-29 00:00:00+02:00,323.1202697753906
2024-04-30 00:00:00+02:00,317.6811828613281
2024-05-02 00:00:00+02:00,319.9609375
2024-05-03 00:00:00+02:00,325.6603698730469
2024-05-06 00:00:00+02:00,323.9257507324219
2024-05-07 00:00:00+02:00,326.9489440917969
2024-05-08 00:00:00+02:00,328.1879577636719
2024-05-09 00:00:00+02:00,330.31903076171875
2024-05-10 00:00:00+02:00,329.5260925292969
2024-05-13 00:00:00+02:00,329.57562255859375
2024-05-14 00:00:00+02:00,335.8697814941406
2024-05-15 00:00:00+02:00,333.73870849609375
2024-05-16 00:00:00+02:00,338.2486877441406
2024-05-17 00:00:00+02:00,329.12957763671875
2024-05-20 00:00:00+02:00,332.94573974609375
2024-05-21 00:00:00+02:00,330.36859130859375
2024-05-22 00:00:00+02:00,327.2463073730469
2024-05-23 00:00:00+02:00,329.72430419921875
2024-05-24 00:00:00+02:00,329.5260925292969
2024-05-27 00:00:00+02:00,330.2695007324219
2024-05-28 00:00:00+02:00,328.23748779296875
2024-05-29 00:00:00+02:00,320.65478515625
2024-05-30 00:00:00+02:00,317.7803039550781
2024-05-31 00:00:00+02:00,314.41021728515625
2024-06-03 00:00:00+02:00,319.316650390625
2024-06-04 00:00:00+02:00,319.46533203125
2024-06-05 00:00:00+02:00,320.406982421875
2024-06-06 00:00:00+02:00,323.083251953125
2024-06-07 00:00:00+02:00,325.2143249511719
2024-06-10 00:00:00+02:00,325.065673828125
2024-06-11 00:00:00+02:00,316.5412902832031
2024-06-12 00:00:00+02:00,314.0137023925781
2024-06-13 00:00:00+02:00,311.78350830078125
2024-06-14 00:00:00+02:00,299.8394775390625
2024-06-17 00:00:00+02:00,301.9705810546875
2024-06-18 00:00:00+02:00,307.9673767089844
2024-06-19 00:00:00+02:00,305.8858337402344
2024-06-20 00:00:00+02:00,313.3694152832031
2024-06-21 00:00:00+02:00,317.2846984863281
2024-06-24 00:00:00+02:00,321.3486328125
2024-06-25 00:00:00+02:00,322.290283203125
2024-06-26 00:00:00+02:00,323.62841796875
2024-06-27 00:00:00+02:00,338.7442932128906
2024-06-28 00:00:00+02:00,335.5228576660156
2024-07-01 00:00:00+02:00,333.04486083984375
2024-07-02 00:00:00+02:00,326.4533386230469
2024-07-03 00:00:00+02:00,327.6923522949219
2024-07-04 00:00:00+02:00,332.89617919921875
2024-07-05 00:00:00+02:00,332.10321044921875
2024-07-08 00:00:00+02:00,322.83544921875
2024-07-09 00:00:00+02:00,319.06884765625
2024-07-10 00:00:00+02:00,322.092041015625
2024-07-11 00:00:00+02:00,328.4357604980469
2024-07-12 00:00:00+02:00,336.2167053222656
2024-07-15 00:00:00+02:00,318.47412109375
2024-07-16 00:00:00+02:00,308.6116638183594
2024-07-17 00:00:00+02:00,311.28790283203125
2024-07-18 00:00:00+02:00,314.90582275390625
2024-07-19 00:00:00+02:00,312.2790832519531
2024-07-22 00:00:00+02:00,316.0952453613281
2024-07-23 00:00:00+02:00,312.13043212890625
2024-07-24 00:00:00+02:00,297.9562072753906
2024-07-25 00:00:00+02:00,275.7036437988281
2024-07-26 00:00:00+02:00,281.700439453125
2024-07-29 00:00:00+02:00,280.510986328125
2024-07-30 00:00:00+02:00,284.8722839355469
2024-07-31 00:00:00+02:00,281.997802734375
2024-08-01 00:00:00+02:00,274.66290283203125
2024-08-02 00:00:00+02:00,270.00421142578125
2024-08-05 00:00:00+02:00,263.0162353515625
2024-08-06 00:00:00+02:00,256.2264709472656
2024-08-07 00:00:00+02:00,257.7132873535156
2024-08-08 00:00:00+02:00,256.8707580566406
2024-08-09 00:00:00+02:00,252.31121826171875
2024-08-12 00:00:00+02:00,247.65255737304688
2024-08-13 00:00:00+02:00,249.8332061767578
2024-08-14 00:00:00+02:00,248.9411163330078
2024-08-15 00:00:00+02:00,253.4510955810547
2024-08-16 00:00:00+02:00,252.26165771484375
2024-08-19 00:00:00+02:00,258.7044982910156
2024-08-20 00:00:00+02:00,256.2264709472656
2024-08-21 00:00:00+02:00,256.3255920410156
2024-08-22 00:00:00+02:00,257.5150146484375
2024-08-23 00:00:00+02:00,257.7132873535156
2024-08-26 00:00:00+02:00,257.8124084472656
2024-08-27 00:00:00+02:00,257.1681213378906
2024-08-28 00:00:00+02:00,254.14492797851562
2024-08-29 00:00:00+02:00,256.0777893066406
2024-08-30 00:00:00+02:00,256.7220764160156
2024-09-02 00:00:00+02:00,254.5909881591797
2024-09-03 00:00:00+02:00,251.9147186279297
2024-09-04 00:00:00+02:00,246.31442260742188
2024-09-05 00:00:00+02:00,242.79563903808594
2024-09-06 00:00:00+02:00,234.1721649169922
2024-09-09 00:00:00+02:00,228.2744903564453
2024-09-10 00:00:00+02:00,227.28329467773438
2024-09-11 00:00:00+02:00,227.77890014648438
2024-09-12 00:00:00+02:00,226.04428100585938
2024-09-13 00:00:00+02:00,226.98593139648438
2024-09-16 00:00:00+02:00,223.56626892089844
2024-09-17 00:00:00+02:00,227.6302032470703
2024-09-18 00:00:00+02:00,225.00350952148438
2024-09-19 00:00:00+02:00,230.95074462890625
2024-09-20 00:00:00+02:00,223.26890563964844
2024-09-23 00:00:00+02:00,219.9483642578125
2024-09-24 00:00:00+02:00,226.9363555908203
2024-09-25 00:00:00+02:00,226.9363555908203
2024-09-26 00:00:00+02:00,248.7428741455078
2024-09-27 00:00:00+02:00,264.5030517578125
2024-09-30 00:00:00+02:00,254.5909881591797
2024-10-01 00:00:00+02:00,247.30563354492188
2024-10-02 00:00:00+02:00,241.308837890625
2024-10-03 00:00:00+02:00,235.95632934570312
2024-10-04 00:00:00+02:00,234.4695281982422
2024-10-07 00:00:00+02:00,245.17454528808594
2024-10-08 00:00:00+02:00,234.2712860107422
2024-10-09 00:00:00+02:00,237.88917541503906
2024-10-10 00:00:00+02:00,238.28565979003906
2024-10-11 00:00:00+02:00,237.04664611816406
2024-10-14 00:00:00+02:00,227.9771270751953
2024-10-15 00:00:00+02:00,228.3736114501953
2024-10-16 00:00:00+02:00,226.49032592773438
2024-10-17 00:00:00+02:00,227.9771270751953
2024-10-18 00:00:00+02:00,235.95632934570312
2024-10-21 00:00:00+02:00,230.40557861328125
2024-10-22 00:00:00+02:00,232.3384246826172
2024-10-23 00:00:00+02:00,228.9187774658203
2024-10-24 00:00:00+02:00,233.5774383544922
2024-10-25 00:00:00+02:00,232.8835906982422
2024-10-28 00:00:00+01:00,238.68214416503906
2024-10-29 00:00:00+01:00,235.06423950195312
2024-10-30 00:00:00+01:00,227.4815216064453
2024-10-31 00:00:00+01:00,226.83724975585938
2024-11-01 00:00:00+01:00,228.6709747314453
2024-11-04 00:00:00+01:00,231.64459228515625
2024-11-05 00:00:00+01:00,228.7205352783203
2024-11-06 00:00:00+01:00,228.5718536376953
2024-11-07 00:00:00+01:00,237.98831176757812
2024-11-08 00:00:00+01:00,219.05628967285156
2024-11-11 00:00:00+01:00,221.93077087402344
2024-11-12 00:00:00+01:00,209.1442413330078
2024-11-13 00:00:00+01:00,210.82928466796875
2024-11-14 00:00:00+01:00,219.2049560546875
2024-11-15 00:00:00+01:00,220.7413330078125
2024-11-18 00:00:00+01:00,218.16421508789062
2024-11-19 00:00:00+01:00,213.3072967529297
2024-11-20 00:00:00+01:00,213.0594940185547
2024-11-21 00:00:00+01:00,206.61666870117188
2024-11-22 00:00:00+01:00,208.25216674804688
2024-11-25 00:00:00+01:00,219.7501220703125
2024-11-26 00:00:00+01:00,221.43516540527344
2024-11-27 00:00:00+01:00,219.79969787597656
2024-11-28 00:00:00+01:00,217.86683654785156
2024-11-29 00:00:00+01:00,218.80848693847656
2024-12-02 00:00:00+01:00,220.6917724609375
2024-12-03 00:00:00+01:00,219.10585021972656
2024-12-04 00:00:00+01:00,223.07066345214844
2024-12-05 00:00:00+01:00,222.8228759765625
2024-12-06 00:00:00+01:00,236.10501098632812
2024-12-09 00:00:00+01:00,244.33201599121094
2024-12-10 00:00:00+01:00,238.92994689941406
2024-12-11 00:00:00+01:00,237.54225158691406
2024-12-12 00:00:00+01:00,239.87159729003906
2024-12-13 00:00:00+01:00,241.903564453125
2024-12-16 00:00:00+01:00,237.54225158691406
2024-12-17 00:00:00+01:00,237.04664611816406
2024-12-18 00:00:00+01:00,235.06423950195312
2024-12-19 00:00:00+01:00,232.6853485107422
2024-12-20 00:00:00+01:00,232.1401824951172
2024-12-23 00:00:00+01:00,233.5278778076172
2024-12-24 00:00:00+01:00,232.1401824951172
2024-12-27 00:00:00+01:00,235.85720825195312
2024-12-30 00:00:00+01:00,235.0146942138672
2024-12-31 00:00:00+01:00,236.15457153320312
2025-01-02 00:00:00+01:00,233.7756805419922
2025-01-03 00:00:00+01:00,222.3768310546875
2025-01-06 00:00:00+01:00,227.82846069335938
2025-01-07 00:00:00+01:00,229.8108673095703
2025-01-08 00:00:00+01:00,224.70614624023438
2025-01-09 00:00:00+01:00,226.73812866210938
2025-01-10 00:00:00+01:00,225.79647827148438
2025-01-13 00:00:00+01:00,225.39999389648438
2025-01-14 00:00:00+01:00,220.5
2025-01-15 00:00:00+01:00,223.25
2025-01-16 00:00:00+01:00,237.0500030517578
2025-01-17 00:00:00+01:00,242.6999969482422
2025-01-20 00:00:00+01:00,247.5500030517578
2025-01-21 00:00:00+01:00,248.85000610351562
2025-01-22 00:00:00+01:00,245.0
2025-01-23 00:00:00+01:00,247.1999969482422
2025-01-24 00:00:00+01:00,258.29998779296875
2025-01-27 00:00:00+01:00,262.54998779296875
2025-01-28 00:00:00+01:00,260.29998779296875
2025-01-29 00:00:00+01:00,246.25
2025-01-30 00:00:00+01:00,255.9499969482422
2025-01-31 00:00:00+01:00,253.4499969482422
2025-02-03 00:00:00+01:00,243.9499969482422
2025-02-04 00:00:00+01:00,247.9499969482422
2025-02-05 00:00:00+01:00,244.35000610351562
2025-02-06 00:00:00+01:00,251.89999389648438
2025-02-07 00:00:00+01:00,241.60000610351562
2025-02-10 00:00:00+01:00,244.1999969482422
2025-02-11 00:00:00+01:00,247.39999389648438
2025-02-12 00:00:00+01:00,264.75
2025-02-13 00:00:00+01:00,275.20001220703125
2025-02-14 00:00:00+01:00,280.0
2025-02-17 00:00:00+01:00,280.1000061035156
2025-02-18 00:00:00+01:00,273.6000061035156
